{"cameraMode":{"drawMode":0,"name":"Shaded","section":"Shading Mode"},"sceneLighting":true,"audioPlay":false,"sceneViewState":{"showFog":true,"showMaterialUpdate":false,"showSkybox":true,"showFlares":true,"showImageEffects":true,"showParticleSystems":true},"in2DMode":false,"pivot":{"x":698.8831176757813,"y":441.0905456542969,"z":669.8924560546875},"rotation":{"x":-0.06471291184425354,"y":-0.03980865702033043,"z":0.0025834895204752685,"w":-0.9971066117286682},"size":2078.253173828125,"orthographic":false}